0,1,2,3,4,5,6,7,8,9,10,11,12,13,14,15,16,17,18,19,20,21,22,23,24,25,26,27,28,29,30,31,32,33,34,35,36,37,38,39,40,41,42,43,44,45,46,47,48,49,50,51,52,53,54,55,56,57,58,59,60,61,62,63,64,65,66,67,68,69,70,71,72,73,74,75,76,77,78,79,80,81,82,83,84,85,86,87,88,89,90,91,92,93,94,95,96,97,98,99,100,101,102,103,104,105,106,107,108,109,110,111,112,113,114,115,116,117,118,119,120,121,122,123,124,125,126,127,128,129,130,131,132,133,134,135
1167,2867,3078,2244,2260,3041,97,1661,2931,3075,3067,2981,2869,2245,3065,,,,,,,,,,,,,,,,,,,,,,,,,,,,,,,,,,,,,,,,,,,,,,,,,,,,,,,,,,,,,,,,,,,,,,,,,,,,,,,,,,,,,,,,,,,,,,,,,,,,,,,,,,,,,,,,,,,,,,,,,
89,,,,,,,,,,,,,,,,,,,,,,,,,,,,,,,,,,,,,,,,,,,,,,,,,,,,,,,,,,,,,,,,,,,,,,,,,,,,,,,,,,,,,,,,,,,,,,,,,,,,,,,,,,,,,,,,,,,,,,,,,,,,,,,,,,,,,,,
1315,2936,2804,2726,2727,1799,1003,2802,1126,2338,2730,2712,2799,1786,1323,828,,,,,,,,,,,,,,,,,,,,,,,,,,,,,,,,,,,,,,,,,,,,,,,,,,,,,,,,,,,,,,,,,,,,,,,,,,,,,,,,,,,,,,,,,,,,,,,,,,,,,,,,,,,,,,,,,,,,,,,,
516,704,3758,1768,3367,1528,2421,2253,2306,1538,2521,1904,9,1756,3044,2717,2841,2258,2908,2437,1905,464,469,459,533,883,2722,1935,1766,3671,2593,2688,3522,296,1383,2933,2703,2802,3516,1758,1191,504,1190,260,893,2598,2563,2992,3093,3043,3261,2229,2999,1185,1536,3037,2556,2595,807,57,359,323,2310,505,,,,,,,,,,,,,,,,,,,,,,,,,,,,,,,,,,,,,,,,,,,,,,,,,,,,,,,,,,,,,,,,,,,,,,,,
2003,2655,,,,,,,,,,,,,,,,,,,,,,,,,,,,,,,,,,,,,,,,,,,,,,,,,,,,,,,,,,,,,,,,,,,,,,,,,,,,,,,,,,,,,,,,,,,,,,,,,,,,,,,,,,,,,,,,,,,,,,,,,,,,,,,,,,,,,,
2928,1566,1465,1550,1340,437,2884,1501,1494,3386,2856,390,2496,2441,441,1897,2364,3166,2579,2518,2189,2524,1568,,,,,,,,,,,,,,,,,,,,,,,,,,,,,,,,,,,,,,,,,,,,,,,,,,,,,,,,,,,,,,,,,,,,,,,,,,,,,,,,,,,,,,,,,,,,,,,,,,,,,,,,,,,,,,,,,
2591,2988,1399,1937,728,520,2844,3510,3008,2560,1991,1929,2919,843,3284,2023,2245,1423,2307,1526,111,1115,2270,2562,3431,1944,1765,3778,604,1007,1913,1930,918,3286,1157,1421,963,188,612,2735,2895,3817,76,1894,2836,1258,1397,1758,3045,1794,2750,2565,3285,3759,1734,2646,206,7,1943,3452,1572,3146,3097,3064,2998,3615,613,1418,,,,,,,,,,,,,,,,,,,,,,,,,,,,,,,,,,,,,,,,,,,,,,,,,,,,,,,,,,,,,,,,,,,,
1352,276,3757,1627,1788,1629,2655,1201,2421,3438,41,1626,1913,1184,1359,2437,1313,1628,1624,1923,1290,1625,1358,861,2002,3143,1636,1377,1648,1322,,,,,,,,,,,,,,,,,,,,,,,,,,,,,,,,,,,,,,,,,,,,,,,,,,,,,,,,,,,,,,,,,,,,,,,,,,,,,,,,,,,,,,,,,,,,,,,,,,,,,,,,,,
1206,3632,2923,2653,245,2421,246,432,3123,733,1204,749,1593,1998,76,3653,3635,1671,750,247,3335,2568,8,3652,2227,2152,2921,2045,1683,1359,2363,2238,3640,2990,2567,3724,1658,2042,1919,2670,3642,2221,1661,1742,2240,1592,2043,3638,2437,2005,2566,724,3654,1358,732,7,2312,3610,3456,3257,2044,3455,2808,2391,3650,1610,1802,3709,1585,3655,3754,3862,1659,3578,3643,726,1205,828,,,,,,,,,,,,,,,,,,,,,,,,,,,,,,,,,,,,,,,,,,,,,,,,,,,,,,,,,,
1937,1126,8,3351,1810,1768,2655,2262,670,669,912,1927,1567,3092,9,2093,2259,1913,1930,1724,1767,2907,10,1592,2934,274,3347,1549,3098,1692,1595,1596,3660,1593,2722,1558,1935,104,3756,1561,1851,1939,1725,1934,2667,3784,1207,2714,3760,1156,1147,2263,3205,1551,3093,1730,3090,1759,2276,3745,206,1753,1943,2092,1755,2723,1308,97,2264,3097,3694,1636,100,1743,1310,1932,,,,,,,,,,,,,,,,,,,,,,,,,,,,,,,,,,,,,,,,,,,,,,,,,,,,,,,,,,,,
523,1721,2054,1722,1927,1099,522,2325,36,691,2251,2959,1089,2257,692,134,1935,3702,137,261,1939,2694,812,2992,3033,206,2804,2987,1086,697,813,135,3827,2670,3217,1693,,,,,,,,,,,,,,,,,,,,,,,,,,,,,,,,,,,,,,,,,,,,,,,,,,,,,,,,,,,,,,,,,,,,,,,,,,,,,,,,,,,,,,,,,,,,,,,,,,,,
276,2006,1937,1791,1627,3232,2655,2765,1532,3438,2352,302,3125,1626,1653,3473,1654,1930,1913,1007,2907,655,2539,654,1359,900,1799,3237,1935,1628,1624,2244,2155,1939,1934,3760,1625,1358,2335,902,2177,2384,3067,1708,3694,2571,807,1636,1377,1822,,,,,,,,,,,,,,,,,,,,,,,,,,,,,,,,,,,,,,,,,,,,,,,,,,,,,,,,,,,,,,,,,,,,,,,,,,,,,,,,,,,,,,
2125,2591,835,1376,570,1972,1929,1928,3869,41,3017,669,1192,2602,2270,3092,2685,2952,1031,3455,3411,961,1186,3867,1971,431,469,1582,2460,2846,1188,1935,1463,139,76,2654,1189,1934,2714,856,2350,3317,3762,3755,3659,3090,1420,1829,2091,1518,1195,817,3413,2208,2451,2347,2931,567,3054,1513,569,3456,,,,,,,,,,,,,,,,,,,,,,,,,,,,,,,,,,,,,,,,,,,,,,,,,,,,,,,,,,,,,,,,,,,,,,,,,,
3066,3453,494,3209,2751,169,3762,2102,1844,2912,381,2145,3432,,,,,,,,,,,,,,,,,,,,,,,,,,,,,,,,,,,,,,,,,,,,,,,,,,,,,,,,,,,,,,,,,,,,,,,,,,,,,,,,,,,,,,,,,,,,,,,,,,,,,,,,,,,,,,,,,,,,,,,,,,,
1543,1187,1542,3238,1,1541,1539,2437,2567,2912,1538,,,,,,,,,,,,,,,,,,,,,,,,,,,,,,,,,,,,,,,,,,,,,,,,,,,,,,,,,,,,,,,,,,,,,,,,,,,,,,,,,,,,,,,,,,,,,,,,,,,,,,,,,,,,,,,,,,,,,,,,,,,,,
1532,245,1790,3007,3113,3389,1998,2565,1746,1750,1430,3041,3517,2988,2727,223,324,3346,2309,2740,1387,2307,3473,3590,3766,1359,98,2953,2277,612,3026,2209,123,3227,1602,3033,3065,3122,1600,2078,309,51,3097,2048,3079,3556,2275,1598,10,3705,2561,2933,959,2807,2750,734,2563,3317,1358,3030,2229,1271,2312,3006,3610,2998,1431,3456,3257,545,789,3077,2245,689,3072,2391,1764,3209,1272,3709,3060,2962,325,2001,2609,3750,1755,547,1659,3005,2296,2691,2571,1377,3032,726,3225,,,,,,,,,,,,,,,,,,,,,,,,,,,,,,,,,,,,,,,
367,,,,,,,,,,,,,,,,,,,,,,,,,,,,,,,,,,,,,,,,,,,,,,,,,,,,,,,,,,,,,,,,,,,,,,,,,,,,,,,,,,,,,,,,,,,,,,,,,,,,,,,,,,,,,,,,,,,,,,,,,,,,,,,,,,,,,,,
2390,1206,2975,2605,2805,2976,3244,3694,3861,1532,3317,836,,,,,,,,,,,,,,,,,,,,,,,,,,,,,,,,,,,,,,,,,,,,,,,,,,,,,,,,,,,,,,,,,,,,,,,,,,,,,,,,,,,,,,,,,,,,,,,,,,,,,,,,,,,,,,,,,,,,,,,,,,,,
2602,1944,1935,3308,1937,2867,1939,1942,1946,2869,957,1932,984,1941,778,,,,,,,,,,,,,,,,,,,,,,,,,,,,,,,,,,,,,,,,,,,,,,,,,,,,,,,,,,,,,,,,,,,,,,,,,,,,,,,,,,,,,,,,,,,,,,,,,,,,,,,,,,,,,,,,,,,,,,,,,
1992,2679,2734,2936,2710,2736,1638,1013,1750,,,,,,,,,,,,,,,,,,,,,,,,,,,,,,,,,,,,,,,,,,,,,,,,,,,,,,,,,,,,,,,,,,,,,,,,,,,,,,,,,,,,,,,,,,,,,,,,,,,,,,,,,,,,,,,,,,,,,,,,,,,,,,,
2602,3335,3705,1610,2740,,,,,,,,,,,,,,,,,,,,,,,,,,,,,,,,,,,,,,,,,,,,,,,,,,,,,,,,,,,,,,,,,,,,,,,,,,,,,,,,,,,,,,,,,,,,,,,,,,,,,,,,,,,,,,,,,,,,,,,,,,,,,,,,,,,
1518,1135,2259,2082,263,94,1007,2595,2248,1230,3004,2594,2262,,,,,,,,,,,,,,,,,,,,,,,,,,,,,,,,,,,,,,,,,,,,,,,,,,,,,,,,,,,,,,,,,,,,,,,,,,,,,,,,,,,,,,,,,,,,,,,,,,,,,,,,,,,,,,,,,,,,,,,,,,,
1992,3244,1126,2584,3365,1523,3213,1767,3866,3480,136,3278,960,1939,2869,67,207,565,2987,1745,2690,3478,1933,56,2603,1526,1930,3767,498,3823,1622,1359,1644,1935,537,1383,1040,1914,1934,3439,1647,2642,3037,2208,255,1120,1768,1286,1754,3438,526,111,1913,3263,2583,188,2404,3149,1132,2933,1295,724,2447,129,1358,1891,1753,3211,1645,3694,1636,366,1937,2247,3476,670,1927,1756,2728,1905,1610,2116,3810,2654,2748,702,3760,2001,762,1755,1659,3005,541,3470,485,1863,1369,2031,,,,,,,,,,,,,,,,,,,,,,,,,,,,,,,,,,,,,,
2737,722,3307,221,1650,899,1218,1840,2597,2841,2512,2640,989,2908,2516,2739,999,1947,2938,1003,206,3813,1536,2642,1001,1219,381,,,,,,,,,,,,,,,,,,,,,,,,,,,,,,,,,,,,,,,,,,,,,,,,,,,,,,,,,,,,,,,,,,,,,,,,,,,,,,,,,,,,,,,,,,,,,,,,,,,,,,,,,,,,,
1120,3521,1768,3251,126,1754,3712,2452,2114,2306,1135,2259,1765,1756,1913,1767,1075,3106,3347,1417,3145,2301,2561,3709,2513,1132,3237,1766,1697,1758,1759,1323,2508,1003,642,2246,1074,1753,1673,3413,1755,455,1760,3097,3234,1671,3742,485,2665,1743,1749,1005,,,,,,,,,,,,,,,,,,,,,,,,,,,,,,,,,,,,,,,,,,,,,,,,,,,,,,,,,,,,,,,,,,,,,,,,,,,,,,,,,,,,
63,3160,2923,2307,3092,2921,3175,2808,2953,64,3060,2942,1660,58,3055,3090,3093,1658,3193,2954,3143,1659,1919,3557,3559,2312,3064,3136,2963,2912,,,,,,,,,,,,,,,,,,,,,,,,,,,,,,,,,,,,,,,,,,,,,,,,,,,,,,,,,,,,,,,,,,,,,,,,,,,,,,,,,,,,,,,,,,,,,,,,,,,,,,,,,,
2006,2736,1531,514,1859,1532,1576,302,1345,1004,1765,189,2718,2986,3318,2758,209,1383,1327,538,2587,1016,2709,1759,1003,1139,3661,305,1671,2571,842,1377,202,3509,1326,997,2149,3729,,,,,,,,,,,,,,,,,,,,,,,,,,,,,,,,,,,,,,,,,,,,,,,,,,,,,,,,,,,,,,,,,,,,,,,,,,,,,,,,,,,,,,,,,,,,,,,,,,
1778,1151,2653,1519,1288,857,823,10,3391,1359,1582,2016,3518,1730,1358,2091,636,759,233,366,,,,,,,,,,,,,,,,,,,,,,,,,,,,,,,,,,,,,,,,,,,,,,,,,,,,,,,,,,,,,,,,,,,,,,,,,,,,,,,,,,,,,,,,,,,,,,,,,,,,,,,,,,,,,,,,,,,,
2898,3452,3455,3763,245,2239,2225,3456,,,,,,,,,,,,,,,,,,,,,,,,,,,,,,,,,,,,,,,,,,,,,,,,,,,,,,,,,,,,,,,,,,,,,,,,,,,,,,,,,,,,,,,,,,,,,,,,,,,,,,,,,,,,,,,,,,,,,,,,,,,,,,,,
516,1753,1935,1943,1937,1168,1930,3530,2748,309,2248,3022,3023,2956,639,779,1336,2377,,,,,,,,,,,,,,,,,,,,,,,,,,,,,,,,,,,,,,,,,,,,,,,,,,,,,,,,,,,,,,,,,,,,,,,,,,,,,,,,,,,,,,,,,,,,,,,,,,,,,,,,,,,,,,,,,,,,,,
2568,852,724,1659,2571,2567,,,,,,,,,,,,,,,,,,,,,,,,,,,,,,,,,,,,,,,,,,,,,,,,,,,,,,,,,,,,,,,,,,,,,,,,,,,,,,,,,,,,,,,,,,,,,,,,,,,,,,,,,,,,,,,,,,,,,,,,,,,,,,,,,,
1154,1408,2758,2756,3236,2856,2767,2757,2768,2934,2518,3240,2761,3004,2766,689,2762,,,,,,,,,,,,,,,,,,,,,,,,,,,,,,,,,,,,,,,,,,,,,,,,,,,,,,,,,,,,,,,,,,,,,,,,,,,,,,,,,,,,,,,,,,,,,,,,,,,,,,,,,,,,,,,,,,,,,,,
581,,,,,,,,,,,,,,,,,,,,,,,,,,,,,,,,,,,,,,,,,,,,,,,,,,,,,,,,,,,,,,,,,,,,,,,,,,,,,,,,,,,,,,,,,,,,,,,,,,,,,,,,,,,,,,,,,,,,,,,,,,,,,,,,,,,,,,,
2306,,,,,,,,,,,,,,,,,,,,,,,,,,,,,,,,,,,,,,,,,,,,,,,,,,,,,,,,,,,,,,,,,,,,,,,,,,,,,,,,,,,,,,,,,,,,,,,,,,,,,,,,,,,,,,,,,,,,,,,,,,,,,,,,,,,,,,,
2923,1523,141,1192,1256,2613,136,692,1758,988,1746,3815,2869,3768,3444,1183,3448,1761,133,1200,2406,3212,731,2152,1944,2921,3308,1765,1935,2942,123,3304,3461,695,206,2867,3751,3307,3794,3556,1929,1201,111,1524,1277,984,2868,732,1185,1943,2063,3305,2360,3853,3631,520,3309,3476,1927,3046,2602,2390,2718,1363,3463,1364,137,982,2667,2672,981,1668,697,1437,3824,1763,1572,3776,1369,1752,1946,,,,,,,,,,,,,,,,,,,,,,,,,,,,,,,,,,,,,,,,,,,,,,,,,,,,,,,
2934,2720,3846,3125,1653,1799,,,,,,,,,,,,,,,,,,,,,,,,,,,,,,,,,,,,,,,,,,,,,,,,,,,,,,,,,,,,,,,,,,,,,,,,,,,,,,,,,,,,,,,,,,,,,,,,,,,,,,,,,,,,,,,,,,,,,,,,,,,,,,,,,,
3483,35,324,3805,3008,12,3744,1560,2831,2307,2803,1853,2325,1160,2837,2733,2887,3795,3150,169,1470,1586,2758,3756,3165,325,260,3204,2747,1744,3745,216,3734,2078,1760,2834,1148,2384,2564,51,1761,2312,3006,2814,2963,836,2048,559,,,,,,,,,,,,,,,,,,,,,,,,,,,,,,,,,,,,,,,,,,,,,,,,,,,,,,,,,,,,,,,,,,,,,,,,,,,,,,,,,,,,,,,,
756,3335,3478,1904,3806,3823,3705,1541,1539,1905,758,1163,2858,3709,3451,2754,3829,325,1537,1602,1658,2954,2078,3824,3805,,,,,,,,,,,,,,,,,,,,,,,,,,,,,,,,,,,,,,,,,,,,,,,,,,,,,,,,,,,,,,,,,,,,,,,,,,,,,,,,,,,,,,,,,,,,,,,,,,,,,,,,,,,,,,,
2020,3291,2006,2183,2690,1014,2993,192,2655,1532,3009,1993,3846,3378,1653,1617,3102,2396,1004,2493,2259,2538,1688,3823,2896,2855,919,3741,1692,2005,1799,3082,3174,2758,2739,1463,2605,3756,3839,1561,2021,104,1013,1017,999,3760,2992,962,3432,3745,2999,13,817,1600,2002,1386,3107,3083,1599,3081,2384,3742,587,2571,3225,100,2264,1693,828,2499,3406,676,3809,,,,,,,,,,,,,,,,,,,,,,,,,,,,,,,,,,,,,,,,,,,,,,,,,,,,,,,,,,,,,,,
1134,2125,2727,1142,899,607,2993,495,2828,2655,1661,1523,843,794,2788,1642,111,1685,2936,3303,604,2837,2838,2613,2960,200,321,2687,901,1111,2836,2752,2338,2263,260,3567,2798,914,3408,2451,3610,,,,,,,,,,,,,,,,,,,,,,,,,,,,,,,,,,,,,,,,,,,,,,,,,,,,,,,,,,,,,,,,,,,,,,,,,,,,,,,,,,,,,,,,,,,,,,,
3556,2673,1713,2307,1685,3767,2052,431,2475,1350,2955,209,2338,3861,2310,412,2312,3064,3851,3729,,,,,,,,,,,,,,,,,,,,,,,,,,,,,,,,,,,,,,,,,,,,,,,,,,,,,,,,,,,,,,,,,,,,,,,,,,,,,,,,,,,,,,,,,,,,,,,,,,,,,,,,,,,,,,,,,,,,
1679,3008,3004,647,1523,843,1532,2352,302,2831,2562,3303,2830,3555,852,432,1994,451,3007,1595,2700,2605,3756,1207,2565,3334,2662,3333,2047,2036,2870,3041,3534,1671,1745,3571,324,1606,618,1340,2152,818,2307,2825,3602,1470,1616,3660,2363,2650,94,3385,3439,3584,752,3033,3029,1658,2032,754,1919,2670,2665,6,1812,2606,523,3794,607,3556,1278,1598,2396,1913,2661,3594,3450,3089,1497,2034,1132,209,724,3829,2563,2373,1094,2330,3408,2312,3006,3344,613,2033,2857,3483,601,722,545,2993,3232,755,3046,1649,212,2808,1026,604,1609,2392,2391,1764,125,3373,1596,2029,1766,17,1162,1290,325,3345,3550,3862,1323,1391,547,1763,1659,3005,1426,2931,452,1377,726,2149
425,1810,3744,3378,231,3247,3106,3398,1994,3145,2687,1844,3174,3760,856,3317,3382,3745,861,232,1483,3742,3694,1862,233,183,,,,,,,,,,,,,,,,,,,,,,,,,,,,,,,,,,,,,,,,,,,,,,,,,,,,,,,,,,,,,,,,,,,,,,,,,,,,,,,,,,,,,,,,,,,,,,,,,,,,,,,,,,,,,,
2602,2248,257,998,255,,,,,,,,,,,,,,,,,,,,,,,,,,,,,,,,,,,,,,,,,,,,,,,,,,,,,,,,,,,,,,,,,,,,,,,,,,,,,,,,,,,,,,,,,,,,,,,,,,,,,,,,,,,,,,,,,,,,,,,,,,,,,,,,,,,
3460,545,3160,789,1120,1791,3462,2095,548,1911,3004,578,3846,242,696,1123,540,2908,1359,95,2099,1282,127,94,3472,96,2139,2338,3461,129,3467,3799,1113,3798,971,2153,547,694,1671,693,1377,2658,3032,367,128,791,,,,,,,,,,,,,,,,,,,,,,,,,,,,,,,,,,,,,,,,,,,,,,,,,,,,,,,,,,,,,,,,,,,,,,,,,,,,,,,,,,,,,,,,,,
2235,1937,2993,1929,2818,1768,1928,1754,669,668,3275,1927,1756,1930,1433,1767,2812,1764,1931,1844,1558,2811,1766,1935,1747,1939,1758,1934,2338,2232,2714,1746,1759,3317,3724,1750,1753,3413,1943,3771,1760,1942,2264,667,1745,2234,1743,1752,1749,1932,,,,,,,,,,,,,,,,,,,,,,,,,,,,,,,,,,,,,,,,,,,,,,,,,,,,,,,,,,,,,,,,,,,,,,,,,,,,,,,,,,,,,,
1569,2690,1655,1679,3410,965,2815,3521,2818,3869,966,3412,1661,2673,3024,1532,563,1664,3017,1567,1154,2474,1135,3849,611,2812,2934,2908,1359,3867,1558,2811,2754,2605,1660,724,1561,1794,856,3205,1545,1358,1159,1153,978,1658,3413,2797,2303,1919,2304,631,3742,3694,2571,1377,100,1659,2912,3411,726,610,977,828,,,,,,,,,,,,,,,,,,,,,,,,,,,,,,,,,,,,,,,,,,,,,,,,,,,,,,,,,,,,,,,,,,,,,,,,
1206,2126,1740,965,731,3744,2205,2275,3275,2831,923,3071,1853,1733,156,1735,733,1084,2277,3700,1692,1470,1998,3129,2077,3756,123,3760,1744,3693,552,1829,3745,3566,1865,3742,3694,1761,587,553,3571,1812,,,,,,,,,,,,,,,,,,,,,,,,,,,,,,,,,,,,,,,,,,,,,,,,,,,,,,,,,,,,,,,,,,,,,,,,,,,,,,,,,,,,,,,,,,,,,,
1134,1629,1532,3668,1685,1184,1994,2241,933,692,1182,2605,1624,3756,643,260,1625,3444,1159,642,2679,1483,2228,1627,318,425,2152,3744,3482,1380,3473,36,823,3247,712,1541,1359,713,934,1628,1017,1934,3376,2232,2694,1518,1600,2234,2912,1709,2125,2737,2126,2655,1598,1661,3697,3275,1913,2858,3149,1011,1463,2933,1124,313,3317,2992,1358,1537,2229,861,1185,412,2384,1942,3742,2442,1636,1941,789,2993,708,1026,2728,1539,711,261,538,3096,3760,3382,2001,1023,3862,709,2999,817,697,2797,2931,2080,1377,1693,381,1710,828,,,,,,,,,,,,,,,,,,,,,,,,,,,,,
3340,815,813,1437,1284,3045,3036,1644,3242,933,3293,,,,,,,,,,,,,,,,,,,,,,,,,,,,,,,,,,,,,,,,,,,,,,,,,,,,,,,,,,,,,,,,,,,,,,,,,,,,,,,,,,,,,,,,,,,,,,,,,,,,,,,,,,,,,,,,,,,,,,,,,,,,,
516,2724,2716,1927,3141,1499,1930,2711,2728,2255,1498,1935,1758,1934,27,3317,1759,2246,1943,1755,3530,2824,,,,,,,,,,,,,,,,,,,,,,,,,,,,,,,,,,,,,,,,,,,,,,,,,,,,,,,,,,,,,,,,,,,,,,,,,,,,,,,,,,,,,,,,,,,,,,,,,,,,,,,,,,,,,,,,,,
1358,1359,528,2863,,,,,,,,,,,,,,,,,,,,,,,,,,,,,,,,,,,,,,,,,,,,,,,,,,,,,,,,,,,,,,,,,,,,,,,,,,,,,,,,,,,,,,,,,,,,,,,,,,,,,,,,,,,,,,,,,,,,,,,,,,,,,,,,,,,,
1315,1116,276,722,2690,1627,1788,1629,3251,3438,2352,302,1626,2079,1501,2936,2856,2812,274,2746,244,656,1350,533,3660,1799,3237,2758,1628,329,2244,94,773,1624,1851,1776,1276,3439,1625,1323,3667,1312,2303,2384,1708,3234,3694,587,2571,807,1636,1377,3067,2149,192,828,,,,,,,,,,,,,,,,,,,,,,,,,,,,,,,,,,,,,,,,,,,,,,,,,,,,,,,,,,,,,,,,,,,,,,,,,,,,,,,,
2724,466,2412,1415,3712,716,3213,2408,1499,2711,1767,3380,1075,460,3091,2743,3082,1766,1935,1392,3711,394,1759,1750,3565,2246,482,2999,3097,3549,2995,1636,485,1946,1757,,,,,,,,,,,,,,,,,,,,,,,,,,,,,,,,,,,,,,,,,,,,,,,,,,,,,,,,,,,,,,,,,,,,,,,,,,,,,,,,,,,,,,,,,,,,,,,,,,,,,
3079,3464,3679,1930,2867,3355,3478,2595,3041,3077,1258,3439,1929,1928,2869,2992,,,,,,,,,,,,,,,,,,,,,,,,,,,,,,,,,,,,,,,,,,,,,,,,,,,,,,,,,,,,,,,,,,,,,,,,,,,,,,,,,,,,,,,,,,,,,,,,,,,,,,,,,,,,,,,,,,,,,,,,
1174,3070,1934,1172,2611,1056,2237,,,,,,,,,,,,,,,,,,,,,,,,,,,,,,,,,,,,,,,,,,,,,,,,,,,,,,,,,,,,,,,,,,,,,,,,,,,,,,,,,,,,,,,,,,,,,,,,,,,,,,,,,,,,,,,,,,,,,,,,,,,,,,,,,
2602,1789,3266,1128,1167,1720,1600,1184,1721,1316,1189,1191,1199,1722,138,3242,3275,1192,,,,,,,,,,,,,,,,,,,,,,,,,,,,,,,,,,,,,,,,,,,,,,,,,,,,,,,,,,,,,,,,,,,,,,,,,,,,,,,,,,,,,,,,,,,,,,,,,,,,,,,,,,,,,,,,,,,,,,
3308,2002,1007,3555,1359,1358,1922,984,,,,,,,,,,,,,,,,,,,,,,,,,,,,,,,,,,,,,,,,,,,,,,,,,,,,,,,,,,,,,,,,,,,,,,,,,,,,,,,,,,,,,,,,,,,,,,,,,,,,,,,,,,,,,,,,,,,,,,,,,,,,,,,,
1532,1661,126,1378,302,992,3846,1538,3348,2808,1541,1539,1799,1516,1167,2605,1660,724,2185,313,1537,1543,1536,1542,2797,1659,1671,2571,2122,367,685,2912,726,,,,,,,,,,,,,,,,,,,,,,,,,,,,,,,,,,,,,,,,,,,,,,,,,,,,,,,,,,,,,,,,,,,,,,,,,,,,,,,,,,,,,,,,,,,,,,,,,,,,,,,
2126,3351,2993,670,1754,1927,1058,1617,316,3767,3616,3082,1766,1935,1851,1934,1794,1750,552,3530,1760,3612,3083,3615,1056,,,,,,,,,,,,,,,,,,,,,,,,,,,,,,,,,,,,,,,,,,,,,,,,,,,,,,,,,,,,,,,,,,,,,,,,,,,,,,,,,,,,,,,,,,,,,,,,,,,,,,,,,,,,,,,
2591,2560,3564,3004,2562,2380,1360,2933,2843,3477,2984,2565,3382,2334,482,3029,2987,3032,3610,,,,,,,,,,,,,,,,,,,,,,,,,,,,,,,,,,,,,,,,,,,,,,,,,,,,,,,,,,,,,,,,,,,,,,,,,,,,,,,,,,,,,,,,,,,,,,,,,,,,,,,,,,,,,,,,,,,,,
3751,2063,961,237,123,583,2646,,,,,,,,,,,,,,,,,,,,,,,,,,,,,,,,,,,,,,,,,,,,,,,,,,,,,,,,,,,,,,,,,,,,,,,,,,,,,,,,,,,,,,,,,,,,,,,,,,,,,,,,,,,,,,,,,,,,,,,,,,,,,,,,,
1992,1002,2736,2718,1150,,,,,,,,,,,,,,,,,,,,,,,,,,,,,,,,,,,,,,,,,,,,,,,,,,,,,,,,,,,,,,,,,,,,,,,,,,,,,,,,,,,,,,,,,,,,,,,,,,,,,,,,,,,,,,,,,,,,,,,,,,,,,,,,,,,
1725,,,,,,,,,,,,,,,,,,,,,,,,,,,,,,,,,,,,,,,,,,,,,,,,,,,,,,,,,,,,,,,,,,,,,,,,,,,,,,,,,,,,,,,,,,,,,,,,,,,,,,,,,,,,,,,,,,,,,,,,,,,,,,,,,,,,,,,
2898,3853,2815,2818,2307,778,3066,1944,3308,3455,2687,1582,984,2811,76,260,3030,3033,2804,2813,3032,2998,3456,,,,,,,,,,,,,,,,,,,,,,,,,,,,,,,,,,,,,,,,,,,,,,,,,,,,,,,,,,,,,,,,,,,,,,,,,,,,,,,,,,,,,,,,,,,,,,,,,,,,,,,,,,,,,,,,,
35,2724,1120,2247,2939,466,2412,1014,2993,1768,458,818,1288,1754,2716,33,3017,3625,2408,1499,1765,2711,2407,852,2538,2934,460,2561,2404,3082,1498,1766,1167,1747,127,643,1013,123,394,2263,3382,2537,1750,79,2511,2994,2153,1755,3053,2446,3612,3097,3694,1466,1743,2912,1757,2671,1002,,,,,,,,,,,,,,,,,,,,,,,,,,,,,,,,,,,,,,,,,,,,,,,,,,,,,,,,,,,,,,,,,,,,,,,,,,,,,
642,3386,1160,1026,1721,643,645,2248,1656,3154,649,1382,3155,647,2790,716,2396,,,,,,,,,,,,,,,,,,,,,,,,,,,,,,,,,,,,,,,,,,,,,,,,,,,,,,,,,,,,,,,,,,,,,,,,,,,,,,,,,,,,,,,,,,,,,,,,,,,,,,,,,,,,,,,,,,,,,,,
1558,2338,,,,,,,,,,,,,,,,,,,,,,,,,,,,,,,,,,,,,,,,,,,,,,,,,,,,,,,,,,,,,,,,,,,,,,,,,,,,,,,,,,,,,,,,,,,,,,,,,,,,,,,,,,,,,,,,,,,,,,,,,,,,,,,,,,,,,,
1134,2393,1113,11,470,2739,1202,1721,1114,1755,509,3815,3811,,,,,,,,,,,,,,,,,,,,,,,,,,,,,,,,,,,,,,,,,,,,,,,,,,,,,,,,,,,,,,,,,,,,,,,,,,,,,,,,,,,,,,,,,,,,,,,,,,,,,,,,,,,,,,,,,,,,,,,,,,,
2602,3083,3081,2992,3082,,,,,,,,,,,,,,,,,,,,,,,,,,,,,,,,,,,,,,,,,,,,,,,,,,,,,,,,,,,,,,,,,,,,,,,,,,,,,,,,,,,,,,,,,,,,,,,,,,,,,,,,,,,,,,,,,,,,,,,,,,,,,,,,,,,
1543,1540,,,,,,,,,,,,,,,,,,,,,,,,,,,,,,,,,,,,,,,,,,,,,,,,,,,,,,,,,,,,,,,,,,,,,,,,,,,,,,,,,,,,,,,,,,,,,,,,,,,,,,,,,,,,,,,,,,,,,,,,,,,,,,,,,,,,,,
3715,1392,785,1098,1865,1013,1147,3744,2953,3713,,,,,,,,,,,,,,,,,,,,,,,,,,,,,,,,,,,,,,,,,,,,,,,,,,,,,,,,,,,,,,,,,,,,,,,,,,,,,,,,,,,,,,,,,,,,,,,,,,,,,,,,,,,,,,,,,,,,,,,,,,,,,,
3549,,,,,,,,,,,,,,,,,,,,,,,,,,,,,,,,,,,,,,,,,,,,,,,,,,,,,,,,,,,,,,,,,,,,,,,,,,,,,,,,,,,,,,,,,,,,,,,,,,,,,,,,,,,,,,,,,,,,,,,,,,,,,,,,,,,,,,,
3060,137,136,1163,2858,133,,,,,,,,,,,,,,,,,,,,,,,,,,,,,,,,,,,,,,,,,,,,,,,,,,,,,,,,,,,,,,,,,,,,,,,,,,,,,,,,,,,,,,,,,,,,,,,,,,,,,,,,,,,,,,,,,,,,,,,,,,,,,,,,,,
3066,1308,821,2993,367,46,,,,,,,,,,,,,,,,,,,,,,,,,,,,,,,,,,,,,,,,,,,,,,,,,,,,,,,,,,,,,,,,,,,,,,,,,,,,,,,,,,,,,,,,,,,,,,,,,,,,,,,,,,,,,,,,,,,,,,,,,,,,,,,,,,
692,3066,2562,209,1943,1937,3561,545,1955,3452,1189,697,10,8,2239,2310,1193,,,,,,,,,,,,,,,,,,,,,,,,,,,,,,,,,,,,,,,,,,,,,,,,,,,,,,,,,,,,,,,,,,,,,,,,,,,,,,,,,,,,,,,,,,,,,,,,,,,,,,,,,,,,,,,,,,,,,,,
276,2703,1130,1123,1308,1129,1994,2263,1788,1519,1117,856,1286,1128,459,,,,,,,,,,,,,,,,,,,,,,,,,,,,,,,,,,,,,,,,,,,,,,,,,,,,,,,,,,,,,,,,,,,,,,,,,,,,,,,,,,,,,,,,,,,,,,,,,,,,,,,,,,,,,,,,,,,,,,,,,
276,2690,425,3438,2352,3275,852,274,1994,2052,1844,1561,1290,856,3317,2383,2679,817,1600,412,1312,3612,1599,2384,3694,1636,587,1812,1322,,,,,,,,,,,,,,,,,,,,,,,,,,,,,,,,,,,,,,,,,,,,,,,,,,,,,,,,,,,,,,,,,,,,,,,,,,,,,,,,,,,,,,,,,,,,,,,,,,,,,,,,,,,
3821,1188,3029,672,2804,2371,1661,1186,3001,1749,1746,1838,3004,1744,2230,,,,,,,,,,,,,,,,,,,,,,,,,,,,,,,,,,,,,,,,,,,,,,,,,,,,,,,,,,,,,,,,,,,,,,,,,,,,,,,,,,,,,,,,,,,,,,,,,,,,,,,,,,,,,,,,,,,,,,,,,
1124,3612,899,679,3064,2799,2307,,,,,,,,,,,,,,,,,,,,,,,,,,,,,,,,,,,,,,,,,,,,,,,,,,,,,,,,,,,,,,,,,,,,,,,,,,,,,,,,,,,,,,,,,,,,,,,,,,,,,,,,,,,,,,,,,,,,,,,,,,,,,,,,,
724,1659,3041,3004,1661,1538,3709,2307,,,,,,,,,,,,,,,,,,,,,,,,,,,,,,,,,,,,,,,,,,,,,,,,,,,,,,,,,,,,,,,,,,,,,,,,,,,,,,,,,,,,,,,,,,,,,,,,,,,,,,,,,,,,,,,,,,,,,,,,,,,,,,,,
1007,554,3316,,,,,,,,,,,,,,,,,,,,,,,,,,,,,,,,,,,,,,,,,,,,,,,,,,,,,,,,,,,,,,,,,,,,,,,,,,,,,,,,,,,,,,,,,,,,,,,,,,,,,,,,,,,,,,,,,,,,,,,,,,,,,,,,,,,,,
1541,724,2797,1661,,,,,,,,,,,,,,,,,,,,,,,,,,,,,,,,,,,,,,,,,,,,,,,,,,,,,,,,,,,,,,,,,,,,,,,,,,,,,,,,,,,,,,,,,,,,,,,,,,,,,,,,,,,,,,,,,,,,,,,,,,,,,,,,,,,,
1408,,,,,,,,,,,,,,,,,,,,,,,,,,,,,,,,,,,,,,,,,,,,,,,,,,,,,,,,,,,,,,,,,,,,,,,,,,,,,,,,,,,,,,,,,,,,,,,,,,,,,,,,,,,,,,,,,,,,,,,,,,,,,,,,,,,,,,,
1198,2596,3212,14,1927,2808,2902,2593,2299,2807,1283,2594,2375,13,1943,2595,1945,128,1194,,,,,,,,,,,,,,,,,,,,,,,,,,,,,,,,,,,,,,,,,,,,,,,,,,,,,,,,,,,,,,,,,,,,,,,,,,,,,,,,,,,,,,,,,,,,,,,,,,,,,,,,,,,,,,,,,,,,,
2602,1220,2688,3372,2797,2501,318,2080,3614,313,685,1221,446,,,,,,,,,,,,,,,,,,,,,,,,,,,,,,,,,,,,,,,,,,,,,,,,,,,,,,,,,,,,,,,,,,,,,,,,,,,,,,,,,,,,,,,,,,,,,,,,,,,,,,,,,,,,,,,,,,,,,,,,,,,
480,1523,2421,668,246,2743,136,2955,1130,1939,1746,1293,1507,2869,1750,198,1745,2310,59,133,3478,1526,3590,1765,1930,2308,1676,1935,3472,1300,1934,1294,3711,3755,2867,2540,667,671,1929,495,1768,126,3712,3599,132,127,1295,96,2752,2338,2714,3317,129,423,1943,227,1299,1942,802,192,1941,3152,1928,670,669,1292,1927,212,3468,2101,1764,3209,2735,1766,137,2074,3477,2748,600,482,1763,135,1743,1752,128,1932,,,,,,,,,,,,,,,,,,,,,,,,,,,,,,,,,,,,,,,,,,,,,,,,,,
1036,1472,485,2613,415,2673,3317,2743,3712,1039,,,,,,,,,,,,,,,,,,,,,,,,,,,,,,,,,,,,,,,,,,,,,,,,,,,,,,,,,,,,,,,,,,,,,,,,,,,,,,,,,,,,,,,,,,,,,,,,,,,,,,,,,,,,,,,,,,,,,,,,,,,,,,
1720,884,2758,2557,1719,3512,1600,2336,3275,1591,1708,2338,2333,3004,929,2334,,,,,,,,,,,,,,,,,,,,,,,,,,,,,,,,,,,,,,,,,,,,,,,,,,,,,,,,,,,,,,,,,,,,,,,,,,,,,,,,,,,,,,,,,,,,,,,,,,,,,,,,,,,,,,,,,,,,,,,,
1766,2126,751,1561,2747,184,,,,,,,,,,,,,,,,,,,,,,,,,,,,,,,,,,,,,,,,,,,,,,,,,,,,,,,,,,,,,,,,,,,,,,,,,,,,,,,,,,,,,,,,,,,,,,,,,,,,,,,,,,,,,,,,,,,,,,,,,,,,,,,,,,
3453,519,731,2127,818,3569,1661,1722,738,3125,785,1007,540,1539,431,1672,3082,2046,1383,737,3561,724,1,3784,786,744,1759,3317,1545,3093,3754,3333,1518,1961,2987,3452,1645,1755,1570,1761,3559,100,1693,2475,,,,,,,,,,,,,,,,,,,,,,,,,,,,,,,,,,,,,,,,,,,,,,,,,,,,,,,,,,,,,,,,,,,,,,,,,,,,,,,,,,,,,,,,,,,,
2734,3751,2727,3744,1661,689,1292,1538,2144,663,1541,3709,1167,3531,724,1300,2656,3733,1226,2679,340,1542,279,1466,2912,3615,2671,1783,,,,,,,,,,,,,,,,,,,,,,,,,,,,,,,,,,,,,,,,,,,,,,,,,,,,,,,,,,,,,,,,,,,,,,,,,,,,,,,,,,,,,,,,,,,,,,,,,,,,,,,,,,,,
1756,3380,3125,1653,1799,,,,,,,,,,,,,,,,,,,,,,,,,,,,,,,,,,,,,,,,,,,,,,,,,,,,,,,,,,,,,,,,,,,,,,,,,,,,,,,,,,,,,,,,,,,,,,,,,,,,,,,,,,,,,,,,,,,,,,,,,,,,,,,,,,,
1935,1004,1756,137,1755,1007,1131,309,1186,1340,2670,2389,2571,2437,2040,1839,,,,,,,,,,,,,,,,,,,,,,,,,,,,,,,,,,,,,,,,,,,,,,,,,,,,,,,,,,,,,,,,,,,,,,,,,,,,,,,,,,,,,,,,,,,,,,,,,,,,,,,,,,,,,,,,,,,,,,,,
1583,1676,,,,,,,,,,,,,,,,,,,,,,,,,,,,,,,,,,,,,,,,,,,,,,,,,,,,,,,,,,,,,,,,,,,,,,,,,,,,,,,,,,,,,,,,,,,,,,,,,,,,,,,,,,,,,,,,,,,,,,,,,,,,,,,,,,,,,,
1501,2688,3756,3530,3760,3744,963,2846,,,,,,,,,,,,,,,,,,,,,,,,,,,,,,,,,,,,,,,,,,,,,,,,,,,,,,,,,,,,,,,,,,,,,,,,,,,,,,,,,,,,,,,,,,,,,,,,,,,,,,,,,,,,,,,,,,,,,,,,,,,,,,,,
2988,520,545,1933,731,2653,2861,2769,2250,747,1768,245,3569,3623,2603,1526,2307,3473,246,1853,764,40,2538,2258,1852,733,2842,2981,1106,1855,2582,136,1364,2843,2836,1017,2206,1964,1435,2337,3567,732,3002,2382,3143,1464,547,1659,2834,1863,2961,2312,1369,3140,2912,300,1502,,,,,,,,,,,,,,,,,,,,,,,,,,,,,,,,,,,,,,,,,,,,,,,,,,,,,,,,,,,,,,,,,,,,,,,,,,,,,,,
1674,1194,3797,3339,722,1550,1376,1512,1974,2715,1768,1201,1576,2309,2207,2421,2788,1927,1192,2220,2685,2964,1515,2307,1756,1767,2308,3823,2841,989,2908,1549,2301,25,272,1193,321,533,1692,1030,3522,3147,1367,1189,559,1934,1191,266,1190,1551,1578,1199,1675,938,7,1183,3513,3352,1753,2218,3534,2571,1377,1749,2310,828,1200,,,,,,,,,,,,,,,,,,,,,,,,,,,,,,,,,,,,,,,,,,,,,,,,,,,,,,,,,,,,,,,,,,,,,
2988,1974,1532,1731,1501,2856,852,125,1916,1799,2758,2605,2598,3081,2571,1377,726,828,2634,,,,,,,,,,,,,,,,,,,,,,,,,,,,,,,,,,,,,,,,,,,,,,,,,,,,,,,,,,,,,,,,,,,,,,,,,,,,,,,,,,,,,,,,,,,,,,,,,,,,,,,,,,,,,,,,,,,,,
2737,2228,1650,3023,2250,320,3004,1037,912,2848,2758,2231,3104,1039,3811,3745,1001,2333,3022,381,,,,,,,,,,,,,,,,,,,,,,,,,,,,,,,,,,,,,,,,,,,,,,,,,,,,,,,,,,,,,,,,,,,,,,,,,,,,,,,,,,,,,,,,,,,,,,,,,,,,,,,,,,,,,,,,,,,,
737,2063,961,3758,214,738,,,,,,,,,,,,,,,,,,,,,,,,,,,,,,,,,,,,,,,,,,,,,,,,,,,,,,,,,,,,,,,,,,,,,,,,,,,,,,,,,,,,,,,,,,,,,,,,,,,,,,,,,,,,,,,,,,,,,,,,,,,,,,,,,,
516,601,1828,2580,3154,2372,3089,1150,2902,2758,1167,1257,1968,3376,3317,2726,3408,2303,567,685,1966,2912,,,,,,,,,,,,,,,,,,,,,,,,,,,,,,,,,,,,,,,,,,,,,,,,,,,,,,,,,,,,,,,,,,,,,,,,,,,,,,,,,,,,,,,,,,,,,,,,,,,,,,,,,,,,,,,,,,
2713,,,,,,,,,,,,,,,,,,,,,,,,,,,,,,,,,,,,,,,,,,,,,,,,,,,,,,,,,,,,,,,,,,,,,,,,,,,,,,,,,,,,,,,,,,,,,,,,,,,,,,,,,,,,,,,,,,,,,,,,,,,,,,,,,,,,,,,
2125,3079,2126,3757,1591,2690,1481,2127,859,3744,3004,3482,3275,3590,1160,852,909,1994,2392,2506,2052,1844,1692,2758,1463,3345,2694,3382,3693,3030,3862,2679,1600,2994,2929,2870,1599,3742,3694,1636,100,359,1693,133,,,,,,,,,,,,,,,,,,,,,,,,,,,,,,,,,,,,,,,,,,,,,,,,,,,,,,,,,,,,,,,,,,,,,,,,,,,,,,,,,,,,,,,,,,,,
2727,1937,2006,2787,3476,3154,2054,3365,670,1357,778,1146,2602,2936,3308,1837,2380,2718,1764,2746,659,136,984,3278,137,2784,2185,114,1585,2714,1838,2694,2869,2726,2867,3049,1943,2303,135,309,2549,2670,359,3509,3578,726,2786,55,,,,,,,,,,,,,,,,,,,,,,,,,,,,,,,,,,,,,,,,,,,,,,,,,,,,,,,,,,,,,,,,,,,,,,,,,,,,,,,,,,,,,,,,
2763,2897,1929,647,2765,1385,3125,2396,3473,1115,1784,1501,2803,1930,3767,2389,1359,2764,3026,1516,1935,1660,1939,1017,702,2338,2709,2730,1009,3093,1358,861,3340,1600,2047,3734,2797,1659,1599,3097,2518,1002,1005,1941,,,,,,,,,,,,,,,,,,,,,,,,,,,,,,,,,,,,,,,,,,,,,,,,,,,,,,,,,,,,,,,,,,,,,,,,,,,,,,,,,,,,,,,,,,,,
2596,1721,731,1991,1201,1722,2307,2808,1184,2501,3719,2102,3091,2846,1364,1008,2593,2688,2594,1199,2863,2862,3759,759,732,1185,2595,2312,328,326,1200,,,,,,,,,,,,,,,,,,,,,,,,,,,,,,,,,,,,,,,,,,,,,,,,,,,,,,,,,,,,,,,,,,,,,,,,,,,,,,,,,,,,,,,,,,,,,,,,,,,,,,,,,
3212,1519,2655,2673,3482,184,322,3308,2308,1193,2721,2650,2338,3760,3204,3317,1559,1093,268,1183,817,3413,1943,3530,3408,2303,1671,1932,2048,,,,,,,,,,,,,,,,,,,,,,,,,,,,,,,,,,,,,,,,,,,,,,,,,,,,,,,,,,,,,,,,,,,,,,,,,,,,,,,,,,,,,,,,,,,,,,,,,,,,,,,,,,,
3079,2591,3764,2006,1650,2993,3004,3306,3378,322,111,522,983,2856,3468,2768,3089,2040,3463,1558,692,580,2758,688,3472,698,1585,3345,2565,3762,2563,1093,2373,1023,3754,3029,3452,697,2036,3253,2870,3078,547,309,2032,2518,3470,3694,3763,202,3136,1325,3344,,,,,,,,,,,,,,,,,,,,,,,,,,,,,,,,,,,,,,,,,,,,,,,,,,,,,,,,,,,,,,,,,,,,,,,,,,,,,,,,,,,
1992,3751,2727,3744,2054,1661,716,1004,1756,934,3531,724,1131,3752,536,1302,1226,695,3033,2679,2511,1659,2451,2971,,,,,,,,,,,,,,,,,,,,,,,,,,,,,,,,,,,,,,,,,,,,,,,,,,,,,,,,,,,,,,,,,,,,,,,,,,,,,,,,,,,,,,,,,,,,,,,,,,,,,,,,,,,,,,,,
2125,,,,,,,,,,,,,,,,,,,,,,,,,,,,,,,,,,,,,,,,,,,,,,,,,,,,,,,,,,,,,,,,,,,,,,,,,,,,,,,,,,,,,,,,,,,,,,,,,,,,,,,,,,,,,,,,,,,,,,,,,,,,,,,,,,,,,,,
3303,2739,1935,1937,1969,1965,1917,1001,1162,3408,1939,3555,3125,3584,3373,1093,716,322,,,,,,,,,,,,,,,,,,,,,,,,,,,,,,,,,,,,,,,,,,,,,,,,,,,,,,,,,,,,,,,,,,,,,,,,,,,,,,,,,,,,,,,,,,,,,,,,,,,,,,,,,,,,,,,,,,,,,,
960,2976,156,1193,3331,3556,3705,260,2312,2594,19,1538,33,1711,,,,,,,,,,,,,,,,,,,,,,,,,,,,,,,,,,,,,,,,,,,,,,,,,,,,,,,,,,,,,,,,,,,,,,,,,,,,,,,,,,,,,,,,,,,,,,,,,,,,,,,,,,,,,,,,,,,,,,,,,,
1992,2727,2507,2228,2738,2724,2247,3462,2262,1523,2716,302,3125,1653,2936,3265,3116,244,2353,664,3403,1867,2710,1776,3472,1923,1169,3096,3011,2355,2799,1917,2611,657,2679,2090,292,2303,3081,3097,2720,485,998,3465,55,,,,,,,,,,,,,,,,,,,,,,,,,,,,,,,,,,,,,,,,,,,,,,,,,,,,,,,,,,,,,,,,,,,,,,,,,,,,,,,,,,,,,,,,,,,
45,1124,3392,1810,3744,3729,2938,,,,,,,,,,,,,,,,,,,,,,,,,,,,,,,,,,,,,,,,,,,,,,,,,,,,,,,,,,,,,,,,,,,,,,,,,,,,,,,,,,,,,,,,,,,,,,,,,,,,,,,,,,,,,,,,,,,,,,,,,,,,,,,,,
3667,1113,3764,2796,3800,821,12,1163,792,777,3293,2803,,,,,,,,,,,,,,,,,,,,,,,,,,,,,,,,,,,,,,,,,,,,,,,,,,,,,,,,,,,,,,,,,,,,,,,,,,,,,,,,,,,,,,,,,,,,,,,,,,,,,,,,,,,,,,,,,,,,,,,,,,,,
2722,2209,1264,3613,2452,2797,1265,3098,3097,449,3385,260,807,2912,2983,1722,2582,1268,,,,,,,,,,,,,,,,,,,,,,,,,,,,,,,,,,,,,,,,,,,,,,,,,,,,,,,,,,,,,,,,,,,,,,,,,,,,,,,,,,,,,,,,,,,,,,,,,,,,,,,,,,,,,,,,,,,,,,
1992,3615,3764,1463,509,3767,1775,1053,1991,1051,3347,3357,1052,3762,374,3755,3745,,,,,,,,,,,,,,,,,,,,,,,,,,,,,,,,,,,,,,,,,,,,,,,,,,,,,,,,,,,,,,,,,,,,,,,,,,,,,,,,,,,,,,,,,,,,,,,,,,,,,,,,,,,,,,,,,,,,,,,
2228,138,2224,3240,1004,3106,3001,1541,1254,3145,1905,1249,2238,1463,2754,643,2598,812,2656,555,3733,1611,813,1542,566,1599,3694,997,2912,,,,,,,,,,,,,,,,,,,,,,,,,,,,,,,,,,,,,,,,,,,,,,,,,,,,,,,,,,,,,,,,,,,,,,,,,,,,,,,,,,,,,,,,,,,,,,,,,,,,,,,,,,,
2030,3226,1380,2035,93,3576,3735,2029,2028,2962,2399,374,2965,2428,3065,2090,2036,3075,1369,2983,2088,247,,,,,,,,,,,,,,,,,,,,,,,,,,,,,,,,,,,,,,,,,,,,,,,,,,,,,,,,,,,,,,,,,,,,,,,,,,,,,,,,,,,,,,,,,,,,,,,,,,,,,,,,,,,,,,,,,,
206,1131,1462,1934,2338,667,,,,,,,,,,,,,,,,,,,,,,,,,,,,,,,,,,,,,,,,,,,,,,,,,,,,,,,,,,,,,,,,,,,,,,,,,,,,,,,,,,,,,,,,,,,,,,,,,,,,,,,,,,,,,,,,,,,,,,,,,,,,,,,,,,
3079,2724,3077,2260,466,3556,3462,2262,2716,2393,2562,2408,2259,1913,2711,460,1388,1844,3660,2955,1851,2962,3461,3724,1744,2869,2868,3667,2511,2867,3078,1321,3005,97,1599,1636,1761,2475,,,,,,,,,,,,,,,,,,,,,,,,,,,,,,,,,,,,,,,,,,,,,,,,,,,,,,,,,,,,,,,,,,,,,,,,,,,,,,,,,,,,,,,,,,,,,,,,,,
2602,1077,2737,1765,1755,2978,1560,3700,2415,,,,,,,,,,,,,,,,,,,,,,,,,,,,,,,,,,,,,,,,,,,,,,,,,,,,,,,,,,,,,,,,,,,,,,,,,,,,,,,,,,,,,,,,,,,,,,,,,,,,,,,,,,,,,,,,,,,,,,,,,,,,,,,
3645,520,3765,519,2568,1014,3758,918,2277,1030,518,3609,2199,260,3635,67,2804,3644,309,2195,,,,,,,,,,,,,,,,,,,,,,,,,,,,,,,,,,,,,,,,,,,,,,,,,,,,,,,,,,,,,,,,,,,,,,,,,,,,,,,,,,,,,,,,,,,,,,,,,,,,,,,,,,,,,,,,,,,,
1336,2992,1561,3701,2667,3382,3205,3755,2686,,,,,,,,,,,,,,,,,,,,,,,,,,,,,,,,,,,,,,,,,,,,,,,,,,,,,,,,,,,,,,,,,,,,,,,,,,,,,,,,,,,,,,,,,,,,,,,,,,,,,,,,,,,,,,,,,,,,,,,,,,,,,,,
2099,2591,2106,2929,1939,2713,2714,3124,818,,,,,,,,,,,,,,,,,,,,,,,,,,,,,,,,,,,,,,,,,,,,,,,,,,,,,,,,,,,,,,,,,,,,,,,,,,,,,,,,,,,,,,,,,,,,,,,,,,,,,,,,,,,,,,,,,,,,,,,,,,,,,,,
1501,2758,2577,2856,2388,1708,3398,2518,3694,3067,3125,2389,1418,901,1423,1420,,,,,,,,,,,,,,,,,,,,,,,,,,,,,,,,,,,,,,,,,,,,,,,,,,,,,,,,,,,,,,,,,,,,,,,,,,,,,,,,,,,,,,,,,,,,,,,,,,,,,,,,,,,,,,,,,,,,,,,,
1198,1768,1722,2421,1192,1196,1904,1197,3808,1007,3823,2437,1182,1189,1191,1746,1518,1195,1755,1760,1745,,,,,,,,,,,,,,,,,,,,,,,,,,,,,,,,,,,,,,,,,,,,,,,,,,,,,,,,,,,,,,,,,,,,,,,,,,,,,,,,,,,,,,,,,,,,,,,,,,,,,,,,,,,,,,,,,,,
1766,1756,1755,40,1758,1934,1764,1929,1067,1743,1752,1759,32,2842,1768,1927,,,,,,,,,,,,,,,,,,,,,,,,,,,,,,,,,,,,,,,,,,,,,,,,,,,,,,,,,,,,,,,,,,,,,,,,,,,,,,,,,,,,,,,,,,,,,,,,,,,,,,,,,,,,,,,,,,,,,,,,
2069,2394,3388,2444,3226,2073,2067,2072,262,2066,2429,3045,1520,77,3547,2571,1010,2559,1165,,,,,,,,,,,,,,,,,,,,,,,,,,,,,,,,,,,,,,,,,,,,,,,,,,,,,,,,,,,,,,,,,,,,,,,,,,,,,,,,,,,,,,,,,,,,,,,,,,,,,,,,,,,,,,,,,,,,,
1836,3307,2560,843,322,2803,3066,1944,3806,432,1837,605,2391,2718,188,1582,612,3278,3817,139,2750,1585,3584,2563,1093,1750,3754,215,3261,2927,2091,2229,1960,1755,1955,3824,3219,2670,2901,3610,3217,3578,3293,829,,,,,,,,,,,,,,,,,,,,,,,,,,,,,,,,,,,,,,,,,,,,,,,,,,,,,,,,,,,,,,,,,,,,,,,,,,,,,,,,,,,,,,,,,,,,
1315,2737,2006,1828,2878,1284,2568,514,3365,302,3125,1653,1292,992,1077,2907,1767,1075,2539,3594,1256,3650,2123,136,2005,3660,1257,2807,1258,3445,1290,3640,746,1759,962,1323,1602,1753,2092,503,1001,1760,1763,3081,3608,1636,1761,1745,1743,1752,1298,2912,381,1322,192,828,,,,,,,,,,,,,,,,,,,,,,,,,,,,,,,,,,,,,,,,,,,,,,,,,,,,,,,,,,,,,,,,,,,,,,,,,,,,,,,,
8,63,3185,731,1546,69,2808,3331,1790,407,1350,959,3756,70,3045,3760,2978,734,3653,265,1960,1961,2954,1955,3253,3742,3421,2312,1956,3642,77,366,,,,,,,,,,,,,,,,,,,,,,,,,,,,,,,,,,,,,,,,,,,,,,,,,,,,,,,,,,,,,,,,,,,,,,,,,,,,,,,,,,,,,,,,,,,,,,,,,,,,,,,,
1352,1992,1828,1937,2690,2247,2810,3309,1991,2815,1974,3744,1598,31,3569,302,3275,1653,3289,3473,242,2562,1709,3846,2557,2808,2236,3094,2841,2817,2812,1541,3450,1539,244,3148,1844,2943,933,2809,1799,3246,2605,3756,1776,94,724,2962,3312,2338,3760,2522,3659,3733,1087,1543,759,1658,1600,1086,2797,1659,1599,1331,3742,3694,1671,1377,587,2558,3615,726,192,828,,,,,,,,,,,,,,,,,,,,,,,,,,,,,,,,,,,,,,,,,,,,,,,,,,,,,,,,,,,,,,
2988,751,3244,3765,3008,3185,731,39,3758,738,755,38,2805,3766,1609,733,98,1272,3007,2809,518,1383,737,1451,3334,752,732,1185,3750,3372,754,3064,3006,2814,2816,,,,,,,,,,,,,,,,,,,,,,,,,,,,,,,,,,,,,,,,,,,,,,,,,,,,,,,,,,,,,,,,,,,,,,,,,,,,,,,,,,,,,,,,,,,,,,,,,,,,,
1134,2167,1678,3019,1633,719,2693,2896,916,3540,200,2376,2105,2171,914,1534,367,315,2374,2174,2690,2939,2444,3596,3137,95,911,2419,1167,2173,2587,1794,2165,3718,2598,2531,2104,2175,2658,505,330,1142,2166,1630,514,2169,716,644,3131,1820,1916,1535,2170,3020,235,2621,331,2938,3715,3622,194,913,3437,3694,685,3692,3543,410,912,3191,3544,2482,3658,2172,3390,2003,2353,3127,1835,375,2355,2004,372,1536,1202,2797,2007,3042,2168,,,,,,,,,,,,,,,,,,,,,,,,,,,,,,,,,,,,,,,,,,,,,,,
1008,1004,2754,1659,1738,1919,2248,531,685,1644,,,,,,,,,,,,,,,,,,,,,,,,,,,,,,,,,,,,,,,,,,,,,,,,,,,,,,,,,,,,,,,,,,,,,,,,,,,,,,,,,,,,,,,,,,,,,,,,,,,,,,,,,,,,,,,,,,,,,,,,,,,,,,
2715,2054,1380,3089,431,136,134,2955,137,2338,3317,2239,3010,2800,3078,135,2296,2475,133,,,,,,,,,,,,,,,,,,,,,,,,,,,,,,,,,,,,,,,,,,,,,,,,,,,,,,,,,,,,,,,,,,,,,,,,,,,,,,,,,,,,,,,,,,,,,,,,,,,,,,,,,,,,,,,,,,,,,
1075,,,,,,,,,,,,,,,,,,,,,,,,,,,,,,,,,,,,,,,,,,,,,,,,,,,,,,,,,,,,,,,,,,,,,,,,,,,,,,,,,,,,,,,,,,,,,,,,,,,,,,,,,,,,,,,,,,,,,,,,,,,,,,,,,,,,,,,
1927,,,,,,,,,,,,,,,,,,,,,,,,,,,,,,,,,,,,,,,,,,,,,,,,,,,,,,,,,,,,,,,,,,,,,,,,,,,,,,,,,,,,,,,,,,,,,,,,,,,,,,,,,,,,,,,,,,,,,,,,,,,,,,,,,,,,,,,
2596,639,2180,1154,2222,1075,989,2593,2654,1975,2232,2594,2025,3349,1074,839,3530,1070,2595,1010,,,,,,,,,,,,,,,,,,,,,,,,,,,,,,,,,,,,,,,,,,,,,,,,,,,,,,,,,,,,,,,,,,,,,,,,,,,,,,,,,,,,,,,,,,,,,,,,,,,,,,,,,,,,,,,,,,,,
1352,1702,2106,1776,137,2306,1290,1331,3240,244,3148,2863,1840,133,1313,2307,,,,,,,,,,,,,,,,,,,,,,,,,,,,,,,,,,,,,,,,,,,,,,,,,,,,,,,,,,,,,,,,,,,,,,,,,,,,,,,,,,,,,,,,,,,,,,,,,,,,,,,,,,,,,,,,,,,,,,,,
3448,3472,3469,194,2303,2667,3447,2263,3260,3462,3467,716,,,,,,,,,,,,,,,,,,,,,,,,,,,,,,,,,,,,,,,,,,,,,,,,,,,,,,,,,,,,,,,,,,,,,,,,,,,,,,,,,,,,,,,,,,,,,,,,,,,,,,,,,,,,,,,,,,,,,,,,,,,,
2850,1014,1286,2712,3712,810,3380,2501,2718,1524,1644,1132,1008,2209,1220,94,1017,2038,2800,565,3049,2793,3532,2208,1863,1010,1946,359,998,1693,1002,1641,,,,,,,,,,,,,,,,,,,,,,,,,,,,,,,,,,,,,,,,,,,,,,,,,,,,,,,,,,,,,,,,,,,,,,,,,,,,,,,,,,,,,,,,,,,,,,,,,,,,,,,,
3244,1719,2787,843,2421,668,1192,1720,3303,2259,1184,3555,603,1256,2613,1939,1827,616,2903,1722,41,3590,1765,2908,1935,3522,94,1258,1189,1934,1191,3812,3033,206,3029,3122,3771,667,3821,2606,3079,671,548,563,2785,2841,3450,1257,3829,2784,2714,2373,608,1094,1943,3078,1570,1942,100,3610,1941,601,1937,722,606,2828,1928,670,669,242,2728,3373,2123,1766,615,698,1162,2263,3110,3798,817,547,1763,1572,2264,2124,3032,1932,,,,,,,,,,,,,,,,,,,,,,,,,,,,,,,,,,,,,,,,,,,,,,,,
2685,2562,1938,1930,921,1550,1014,2564,394,1466,1054,854,2671,2460,1056,,,,,,,,,,,,,,,,,,,,,,,,,,,,,,,,,,,,,,,,,,,,,,,,,,,,,,,,,,,,,,,,,,,,,,,,,,,,,,,,,,,,,,,,,,,,,,,,,,,,,,,,,,,,,,,,,,,,,,,,,
206,960,3029,518,3853,324,3561,1919,2248,3557,3556,3559,2312,1744,1159,2307,,,,,,,,,,,,,,,,,,,,,,,,,,,,,,,,,,,,,,,,,,,,,,,,,,,,,,,,,,,,,,,,,,,,,,,,,,,,,,,,,,,,,,,,,,,,,,,,,,,,,,,,,,,,,,,,,,,,,,,,
813,2808,1954,1721,3147,1955,2994,1483,1367,1985,3392,2312,169,812,2611,3233,1345,,,,,,,,,,,,,,,,,,,,,,,,,,,,,,,,,,,,,,,,,,,,,,,,,,,,,,,,,,,,,,,,,,,,,,,,,,,,,,,,,,,,,,,,,,,,,,,,,,,,,,,,,,,,,,,,,,,,,,,
2408,2511,431,466,2815,458,469,2475,,,,,,,,,,,,,,,,,,,,,,,,,,,,,,,,,,,,,,,,,,,,,,,,,,,,,,,,,,,,,,,,,,,,,,,,,,,,,,,,,,,,,,,,,,,,,,,,,,,,,,,,,,,,,,,,,,,,,,,,,,,,,,,,
1828,1929,3712,1004,1687,469,2743,2683,3026,2722,692,2721,250,2299,2802,2748,3711,2263,1746,482,697,350,1755,3097,485,667,807,1636,,,,,,,,,,,,,,,,,,,,,,,,,,,,,,,,,,,,,,,,,,,,,,,,,,,,,,,,,,,,,,,,,,,,,,,,,,,,,,,,,,,,,,,,,,,,,,,,,,,,,,,,,,,,
